User ID,First Name,Last Name,Recipient ID,File Sent
4498600,Agata,Alexander,8567448,2b21a2b88756908634e5052b75df448a
4422295,Amanda,Brooks,8916966,9283161760da3302b6c58c5c6edf504b
9641470,Anna,Gibson,8673015,2de0f7754166620c77c8ab433407d5ed
6047855,Aston,Cameron,5311174,cd881e6fe99ee41419db05bb88e773e0
3196612,Blake,Taylor,1268903,23992b2e2f4215b86143a61b3b1b103f
7525952,Byron,Ross,8787960,f9182e20ee2dd981c6124842a601e0a8
1734347,Chelsea,Crawford,7015272,b868d328523dd93de807b3ce7ba0a6cf
6551339,Darcy,Thompson,3028475,85d03caac442a1e0e1c252be72dbdd91
1425371,Elian,Morgan,4396618,cd47da398319966417f1a0f48b5ff2dc
3361186,Ellia,Watson,6902851,84f3ff5254c97fa327f8fba4f56f3a04
437287,Fenton,Grant,2569639,d6f2fabdd236cd9c85cb849b84822632
6941357,Fiona,Phillips,6941369,a64191a277e808bf763e95cf30acab5a
2253609,Hailey,Brown,5616782,2cc05750f78927fa5809ba731c2ce390
7632753,Jacob,Robinson,6423003,c2a0d7103fd966299ac1af8fcce437a1
3644336,Jared,Wilson,9053589,d4ec41de4381e9583decccf6b498559f
5561422,Julia,Stewart,5236994,7dac566eaae88ef889a13a959bdef833
3394436,Leonardo,Payne,1538584,e1d590657627a0ce6095ef591a7abd05
795111,Lyndon,Casey,8106163,c6bedc98d09c56e89235d1a926fa7d31
9832296,Maria,Taylor,6514754,3c71417a7097931c156d58bd679e87c5
7502075,Myra,Armstrong,890660,c13e7a18e6df6e8bdfc117b64070dfa1
6941369,Ned,Sullivan,2316212,3c8946fc4bcaf0fbdb86857618200596
8146650,Oliver,Cooper,6125006,d836042fa5c0016e82c203f5ce901213
4414578,Penelope,Hall,1746179,ce87ae5882fb156f3a6794dd326933c8
5356688,Roland,Taylor,7330534,b66201a8df282b65e5cb4e5a7c0c6b6c
9174652,Sabrina,Holmes,1626986,9c34eb51f5d9207aa646cbc709f4ce76
5101659,Samantha,Cooper,9411952,ce83a66ccedbd0245589ff558203ada8
707538,Sophia,Phillips,1490300,fe193deadc804a9257d68d3108f79a2b
6108791,Stella,Crawford,5266499,8bcbdbf3d21fccd7cb095e890ffc2763
2657562,Stuart,Alexander,6099523,a81246b5664127e288e7eec35f4a7015
1897512,Vincent,Wilson,2937164,e348812c785e01908ff3c8acfeb39548
7258838,Vincent,Gray,4000203,3948543e09262b659900b7919fc492ae